<code_scheme name="Default" version="173">
  <JetCodeStyleSettings>
    <option name="CODE_STYLE_DEFAULTS" value="KOTLIN_OFFICIAL" />
  </JetCodeStyleSettings>
  <codeStyleSettings language="Markdown">
    <option name="WRAP_ON_TYPING" value="1" />
  </codeStyleSettings>
  <codeStyleSettings language="kotlin">
    <option name="CODE_STYLE_DEFAULTS" value="KOTLIN_OFFICIAL" />
    <option name="RIGHT_MARGIN" value="120" />
    <option name="KEEP_FIRST_COLUMN_COMMENT" value="false" />
    <option name="ALIGN_MULTILINE_PARAMETERS_IN_CALLS" value="true" />
    <option name="WRAP_FIRST_METHOD_IN_CALL_CHAIN" value="true" />
  </codeStyleSettings>
</code_scheme>