<keymap version="1" name="macOS copy" parent="Mac OS X 10.5+">
  <action id="ChangesView.GroupBy.Directory" />
  <action id="CollapseAll">
    <keyboard-shortcut first-keystroke="meta subtract" />
  </action>
  <action id="CollapseExpandableComponent">
    <keyboard-shortcut first-keystroke="shift enter" />
    <keyboard-shortcut first-keystroke="meta subtract" />
  </action>
  <action id="CollapseRegion">
    <keyboard-shortcut first-keystroke="meta subtract" />
  </action>
  <action id="EditorDecreaseFontSize">
    <keyboard-shortcut first-keystroke="meta minus" />
  </action>
  <action id="EditorIncreaseFontSize">
    <keyboard-shortcut first-keystroke="meta equals" />
  </action>
  <action id="EditorUp">
    <keyboard-shortcut first-keystroke="up" />
  </action>
  <action id="ExpandAll">
    <keyboard-shortcut first-keystroke="meta add" />
  </action>
  <action id="ExpandExpandableComponent">
    <keyboard-shortcut first-keystroke="shift enter" />
    <keyboard-shortcut first-keystroke="meta add" />
  </action>
  <action id="ExpandRegion">
    <keyboard-shortcut first-keystroke="meta add" />
  </action>
  <action id="ExternalSystem.ExpandAll">
    <keyboard-shortcut first-keystroke="meta add" />
  </action>
  <action id="ExternalSystem.RefreshAllProjects">
    <keyboard-shortcut first-keystroke="meta g" />
  </action>
  <action id="FindNext" />
  <action id="Images.Editor.ZoomIn">
    <keyboard-shortcut first-keystroke="meta add" />
  </action>
  <action id="Maven.ExpandAll">
    <keyboard-shortcut first-keystroke="meta add" />
  </action>
  <action id="NextWindow">
    <keyboard-shortcut first-keystroke="shift meta back_quote" />
  </action>
  <action id="PreviousWindow">
    <keyboard-shortcut first-keystroke="meta back_quote" />
  </action>
  <action id="ServiceView.GroupByServiceGroups" />
  <action id="TodoViewGroupByShowPackages" />
  <action id="ToggleInlayHintsGloballyAction">
    <keyboard-shortcut first-keystroke="meta i" />
  </action>
</keymap>